title,price,bedrooms,bathrooms,city,property_type,email,phone,24/7 Security,Parking,Shared Gym,Shared Pool,Balcony,Built-in Wardrobes,Maid's Room,Fully Equipped Kitchen,Spacious Living Room,feature_score,total_rooms,price_per_room,city_encoded,property_type_encoded,price_minmax,price_per_room_minmax,total_rooms_minmax,feature_score_minmax,price_std,price_per_room_std,total_rooms_std,feature_score_std
1 BR + Maid’s Room Excellent Furnished Apartment in Bousher,500,1.0,1.0,Bousher,Apartment,info@vistaoman.com,96891991280,False,True,True,True,True,True,True,True,True,24,2.0,250.0,21,0,0.0003000600120024005,0.001977134015301298,0.0,0.3076923076923077,-0.5809642331034601,-0.7290080807717862,-1.2466096496045744,-0.36524872130412595
1 Desk Office Space for Small Companies in Qurum,200,2.6,2.8,Qurum,Office,info@vistaoman.com,96893389810,False,False,False,False,False,False,False,False,False,15,5.4,37.03703703703704,48,1,0.0,0.0,0.18888888888888888,0.07692307692307687,-0.5829597011061657,-0.7382401825430814,-0.01617398183074357,-1.611892132365455
5 BR + 1 + 1 Rooms Luxury Golf-View Villa with Pool in Muscat Hills,2300,5.0,5.0,Muscat Hills,Villa,info@vistaoman.com,96893891066,False,False,False,False,False,False,True,False,False,39,10.0,230.0,46,4,0.0021004200840168035,0.0017914553425599584,0.4444444444444445,0.6923076923076923,-0.5689914250872267,-0.7298750955468296,1.6485330980985566,1.7124902971314222
1 BR Cozy Freehold Penthouse Apartment – Muscat Hills,65000,1.0,1.0,Unknown,Penthouse,info@vistaoman.com,96893893443,False,False,False,False,True,True,False,False,False,27,2.0,32500.0,58,2,0.06481296259251851,0.3013839938107109,0.0,0.3846153846153846,-0.1519386125217616,0.6690532439856447,-1.2466096496045744,0.050299082382983674
5 BR Spacious Villa in Mabaila South – Excellent Location,165000,5.0,5.0,Unknown,Villa,info@vistaoman.com,96893893288,False,False,False,False,True,False,False,True,False,32,10.0,16500.0,58,4,0.16483296659331864,0.15284105561763944,0.4444444444444445,0.5128205128205128,0.5132173883800966,-0.024558576049049766,1.6485330980985566,0.742878755194833
1 BR Off-Plan Apartment with Store Room – Ghala,45700,1.0,1.0,Unknown,Apartment,info@vistaoman.com,96891991280,False,False,False,False,True,True,False,True,False,41,2.0,22850.0,58,0,0.04550910182036408,0.21179403421301468,0.0,0.7435897435897436,-0.2803137206958202,0.2507186150272196,-1.2466096496045744,1.989522166256162
3 BR + Maid’s Room Ground Floor Apartment in MSQ with Amenities,850,3.0,3.0,MSQ with Amenities,Apartment,info@vistaoman.com,96891991280,False,False,True,True,True,True,True,True,False,28,6.0,141.66666666666666,35,0,0.0006501300260052011,0.0009713745379523765,0.2222222222222222,0.41025641025641024,-0.5786361871003036,-0.7337044108032712,0.20096172424699113,0.18881501694535355
2 BR Excellent Penthouse Apartment in Sultan Haitham City with Private Pool,110500,2.0,2.0,Sultan Haitham City with Private Pool,Penthouse,info@vistaoman.com,96871112421,False,False,False,False,True,False,False,False,False,26,4.0,27625.0,57,2,0.11032206441288259,0.25612481733000947,0.1111111111111111,0.3589743589743589,0.15070736788858385,0.4577183925688237,-0.5228239626787916,-0.0882168521793862
3 + 1 BR Duplex Apartment in Sultan Haitham City – Freehold Property,95840,1.0,3.0,Unknown,Apartment,info@vistaoman.com,96871112421,False,False,False,False,False,False,True,False,False,23,4.0,23960.0,58,0,0.09565913182636528,0.222099200550159,0.1111111111111111,0.28205128205128205,0.05319549815637144,0.2988379350421265,-0.5228239626787916,-0.5037646558664959
2 BR Elegant Furnished Apartment with Pool View – Muscat Hills,85000,2.0,2.0,Unknown,Apartment,info@vistaoman.com,96893891066,False,False,True,True,True,False,False,True,False,29,4.0,21250.0,58,0,0.08481696339267854,0.19693974039370754,0.1111111111111111,0.4358974358974359,-0.018907412341389988,0.18135743302375015,-0.5228239626787916,0.32733095150772346
126 SQM Freehold Ground Floor Shop – Muscat Hills Business Tower 2,201600,2.6,2.8,Unknown,Shop,info@vistaoman.com,96871514513,False,False,False,False,False,False,False,False,False,29,5.4,37333.33333333333,58,3,0.20144028805761152,0.3462563397232012,0.18888888888888888,0.4358974358974359,0.7566644847101767,0.8785818146211251,-0.01617398183074357,0.32733095150772346
"1 BR Brilliant Apartment in Havana, Salalah",47000,1.0,1.0,Unknown,Apartment,info@vistaoman.com,96893893443,False,False,False,True,True,True,False,False,False,27,2.0,23500.0,58,0,0.04680936187237448,0.2178285910771082,0.0,0.3846153846153846,-0.2716666926840961,0.27889659521612903,-1.2466096496045744,0.050299082382983674
4 BR + Maid’s Room + Storage Room Stunning Villa in Muscat Hills,1450,4.0,4.0,Muscat Hills,Villa,info@vistaoman.com,96893891066,False,False,False,False,False,False,True,True,False,32,8.0,181.25,46,4,0.001250250050010002,0.001338863577752944,0.3333333333333333,0.5128205128205128,-0.5746452510948925,-0.7319884440609978,0.9247474111727738,0.742878755194833
2 BR Fully Furnished Apartment in Muscat Grand Mall,700,2.0,2.0,Muscat Grand Mall,Apartment,info@vistaoman.com,96891991280,False,False,False,False,False,True,False,False,True,20,4.0,175.0,45,0,0.0005001000200040008,0.0012808389925212755,0.1111111111111111,0.20512820512820507,-0.5796339211016565,-0.732259386178199,-0.5228239626787916,-0.9193124595536055
2 BR Flat with Balconies in Qurum For Sale,53000,2.0,2.0,Qurum For Sale,,info@vistaoman.com,96893893288,False,False,False,False,False,False,False,False,False,13,4.0,13250.0,50,5,0.052810562112422486,0.12266827129717184,0.1111111111111111,0.025641025641025605,-0.2317573326299846,-0.16544847699359708,-0.5228239626787916,-1.8889240014901947
Furnished Office Space in Maktabi Business Center Wattayah FOR RENT,375,2.6,2.8,Maktabi Business Center Wattayah FOR RENT,Office,info@vistaoman.com,96893389810,False,False,False,False,False,False,False,False,False,24,5.4,69.44444444444444,38,1,0.0001750350070014003,0.00030086821971976265,0.18888888888888888,0.3076923076923077,-0.5817956781045874,-0.7368352974909278,-0.01617398183074357,-0.36524872130412595
2 BR Great Apartment Al Khuwair – Amenities Nearby,220,2.0,2.0,Unknown,Apartment,info@vistaoman.com,96891991280,False,False,False,False,True,False,False,False,True,19,4.0,55.0,58,0,2.000400080016002e-05,0.0001667669560732399,0.1111111111111111,0.17948717948717946,-0.5828266699059853,-0.7374614748284591,-0.5228239626787916,-1.0578283941159754
31.87 S	QM Shop in Azaiba – Commercial Use – Excellent Location,480,2.6,2.8,Unknown,Shop,info@vistaoman.com,96893389810,False,False,False,False,False,False,False,False,False,17,5.4,88.88888888888889,58,3,0.00028005601120224046,0.0004813891515516203,0.18888888888888888,0.1282051282051282,-0.5810972643036405,-0.7359923664596356,-0.01617398183074357,-1.3348602632407152
3 BR + Maid’s Room Freehold Townhouse in Sultan Haitham City – Phase 2,111700,3.0,3.0,Unknown,,info@vistaoman.com,96871112421,False,False,False,False,False,False,True,False,False,26,6.0,18616.666666666668,58,5,0.11152230446089219,0.17249204848276453,0.2222222222222222,0.3589743589743589,0.15868923989940614,0.06720048764304007,0.20096172424699113,-0.0882168521793862
5 + 1 Freehold Future-Ready Villa – Sultan Haitham City,227700,2.6,5.0,Unknown,Villa,info@vistaoman.com,96893893443,False,False,False,False,True,False,True,False,True,38,7.6,29960.526315789473,58,4,0.22754550910182036,0.2778076886534224,0.31111111111111106,0.6666666666666666,0.9302702009455615,0.5589651837334275,0.7799902737876172,1.5739743625690523
1 BR Cozy Apartment in Al Khuwair – Gas Included,210,1.0,1.0,Unknown,Apartment,info@vistaoman.com,96891991280,False,False,False,False,False,True,False,False,False,21,2.0,105.0,58,0,1.000200040008001e-05,0.0006309636379265881,0.0,0.23076923076923073,-0.5828931855060755,-0.7352939378908507,-1.2466096496045744,-0.7807965249912356
7 BR Stunning Villa in Bawshar Heights with Elevator,370000,7.0,7.0,Bawshar Heights with Elevator,Villa,info@vistaoman.com,96871514513,False,True,False,False,True,False,False,False,False,23,14.0,26428.571428571428,15,4,0.369873974794959,0.24501725387137574,0.6666666666666665,0.28205128205128205,1.8767871902289057,0.4058523301331936,3.0961044719501225,-0.5037646558664959
5 BR + Maid’s Room Villa in Mawaleh close to Amenities,500,5.0,5.0,Mawaleh close to Amenities,Villa,info@vistaoman.com,96891991280,False,False,False,False,False,False,True,False,False,24,10.0,50.0,41,4,0.0003000600120024005,0.00012034728788790506,0.4444444444444445,0.3076923076923077,-0.5809642331034601,-0.73767822852222,1.6485330980985566,-0.36524872130412595
3 BR + Maid’s Room Duplex Apartment in Bousher with Shared Pool & Gym,112000,3.0,3.0,Unknown,Apartment,info@vistaoman.com,96891991280,False,False,False,False,True,True,True,True,True,24,6.0,18666.666666666668,58,0,0.11182236447289458,0.17295624516461788,0.2222222222222222,0.3076923076923077,0.1606847079021117,0.06936802458064849,0.20096172424699113,-0.36524872130412595
3 BR + Maid’s Room Great Villa – Madinat Sultan Qaboos,600,3.0,3.0,Unknown,Villa,info@vistaoman.com,96893893288,False,False,False,False,False,True,True,False,True,32,6.0,100.0,58,4,0.00040008001600320064,0.0005845439697412533,0.2222222222222222,0.5128205128205128,-0.5802990771025582,-0.7355106915846116,0.20096172424699113,0.742878755194833
Office Space 2 Person’s in Maktabi Business Center Wuttayah FOR RENT,230,2.6,2.8,Maktabi Business Center Wuttayah FOR RENT,Office,info@vistaoman.com,96893389810,False,True,False,False,False,False,False,False,False,24,5.4,42.59259259259259,39,1,3.000600120024006e-05,5.1577409094816424e-05,0.18888888888888888,0.3076923076923077,-0.5827601543058951,-0.7379993451055694,-0.01617398183074357,-0.36524872130412595
1 BR Impressive Spacious Apartment in Muscat Hills,330,1.0,1.0,Muscat Hills,Apartment,info@vistaoman.com,96893891066,False,False,True,True,True,True,False,True,False,28,2.0,165.0,46,0,0.00013002600520104022,0.0011879996561506058,0.0,0.41025641025641024,-0.5820949983049933,-0.7326928935657206,-1.2466096496045744,0.18881501694535355
3 BR Freehold Offplan Apartment in Sohar,57380,3.0,3.0,Sohar,Apartment,info@vistaoman.com,96871514513,False,False,True,False,False,False,False,False,False,36,6.0,9563.333333333334,55,0,0.057191438287657534,0.08844150262185163,0.2222222222222222,0.6153846153846153,-0.20262349979048322,-0.3252682005265912,0.20096172424699113,1.2969424934443126
2 BR Stunning Brand New Marina View Apartment in Al Mouj – Juman 2,1150,2.0,2.0,Unknown,Apartment,info@vistaoman.com,96893891066,False,False,False,False,False,True,False,False,True,31,4.0,287.5,58,0,0.0009501900380076015,0.0023252815266913093,0.1111111111111111,0.4871794871794871,-0.5766407190975981,-0.72738242806858,-0.5228239626787916,0.6043628206324632
2-Desk Modern Business Centre Offices in Muscat Hills,219,2.6,2.8,Muscat Hills,Office,info@vistaoman.com,96893389810,False,False,False,False,False,False,False,False,False,23,5.4,40.55555555555555,46,1,1.9003800760152028e-05,3.266569242671701e-05,0.18888888888888888,0.28205128205128205,-0.5828333214659943,-0.7380876521659905,-0.01617398183074357,-0.5037646558664959
4 BR + Maid Room Spacious Villa in Ilam Gardens with Amenities,950,4.0,4.0,Ilam Gardens with Amenities,Villa,info@vistaoman.com,96893893288,False,False,True,True,False,True,True,True,False,27,8.0,118.75,32,4,0.0007501500300060013,0.0007586177254362589,0.3333333333333333,0.3846153846153846,-0.5779710310994017,-0.7346978652330084,0.9247474111727738,0.050299082382983674
5 BR Spacious Villa in Mabelah with Small Play Area,500,5.0,5.0,Mabelah with Small Play Area,Villa,info@vistaoman.com,96891991280,False,False,False,False,False,False,False,True,False,26,10.0,50.0,36,4,0.0003000600120024005,0.00012034728788790506,0.4444444444444445,0.3589743589743589,-0.5809642331034601,-0.73767822852222,1.6485330980985566,-0.0882168521793862
440 SQM Great Office Spaces in Azaiba,2310,2.6,2.8,Azaiba,Office,info@vistaoman.com,96872349997,False,False,False,False,False,False,False,False,False,19,5.4,427.77777777777777,9,1,0.002110422084416883,0.003627611106335425,0.18888888888888888,0.17948717948717946,-0.5689249094871365,-0.7213012827714008,-0.01617398183074357,-1.0578283941159754
2 BR Impressive Brand New Marina View Apartment in Al Mouj – Juman 2,1150,2.0,2.0,Unknown,Apartment,info@vistaoman.com,96893891066,False,False,False,False,False,True,False,False,True,31,4.0,287.5,58,0,0.0009501900380076015,0.0023252815266913093,0.1111111111111111,0.4871794871794871,-0.5766407190975981,-0.72738242806858,-0.5228239626787916,0.6043628206324632
5 BR + Maid’s Room Twin Fantastic Villa in Ansab,500,5.0,5.0,Fantastic Villa in Ansab,Villa,info@vistaoman.com,96891991280,False,False,False,False,False,True,True,False,True,27,10.0,50.0,25,4,0.0003000600120024005,0.00012034728788790506,0.4444444444444445,0.3846153846153846,-0.5809642331034601,-0.73767822852222,1.6485330980985566,0.050299082382983674
2 BR Offplan Apartment in Bousher,60995,2.0,2.0,Bousher,Apartment,info@vistaoman.com,96891991280,False,False,False,False,False,False,False,False,False,32,4.0,15248.75,21,0,0.06080716143228646,0.1412245336542594,0.1111111111111111,0.5128205128205128,-0.17857811035788104,-0.07880118791270048,-0.5228239626787916,0.742878755194833
2 BR Complex Apartment in Al Khuwair with Swimming Pool,63750,2.0,2.0,Al Khuwair with Swimming Pool,Apartment,info@vistaoman.com,96891991280,False,False,False,False,False,False,False,False,True,18,4.0,15937.5,5,0,0.0635627125425085,0.14761884294678929,0.1111111111111111,0.1538461538461538,-0.16025306253303484,-0.048943366597144496,-0.5228239626787916,-1.1963443286783453
1 BR Stunning Freehold Apartment in Al Mouj with Shared Pool & Gym,101000,1.0,1.0,Unknown,Apartment,info@vistaoman.com,96893893443,False,False,True,True,False,True,False,False,False,23,2.0,50500.0,58,0,0.10082016403280657,0.46849479927791626,0.0,0.28205128205128205,0.08751754780290731,1.4493665415246761,-1.2466096496045744,-0.5037646558664959
5 BR Spacious Villa in Azaiba Nearby Amenities,197000,5.0,5.0,Azaiba Nearby Amenities,Villa,info@vistaoman.com,96891991280,False,False,False,False,False,True,False,False,False,29,10.0,19700.0,11,4,0.1968393678735747,0.18254964325625375,0.4444444444444445,0.4358974358974359,0.7260673086686912,0.11416378795788912,1.6485330980985566,0.32733095150772346
3 BR Limited Offer Furnished Freehold Townhouse in Sultan Haitham City,176000,3.0,3.0,Sultan Haitham City,,info@vistaoman.com,96871112421,False,False,False,False,False,False,False,False,False,31,6.0,29333.333333333332,56,5,0.17583516703340668,0.2719848706266655,0.2222222222222222,0.4871794871794871,0.5863845484793009,0.531775904603778,0.20096172424699113,0.6043628206324632
2 + 1 BR Furnished Freehold Apartment in Jebel Sifah,110000,1.0,2.0,Jebel Sifah,Apartment,info@vistaoman.com,96893893288,False,False,False,False,False,False,True,False,False,26,3.0,36666.666666666664,33,0,0.10982196439287858,0.34006705063182324,0.05555555555555555,0.3589743589743589,0.14738158788407454,0.8496813221196796,-0.884716806141683,-0.0882168521793862
5 + 1 BR Large Standalone Freehold Villas in Yiti – Aida,646500,1.0,5.0,Unknown,Villa,info@vistaoman.com,96893893443,False,False,False,False,False,False,True,False,False,24,6.0,107750.0,58,4,0.6464292858571715,0.9999999999999999,0.2222222222222222,0.3076923076923077,3.7159435327225436,3.9311963350863173,0.20096172424699113,-0.36524872130412595
4 BR Amazing Villa with Front Yard Garden – Ghubra,850,4.0,4.0,Unknown,Villa,info@vistaoman.com,96891991280,False,False,False,False,False,False,False,False,False,22,8.0,106.25,58,4,0.0006501300260052011,0.0006425685549729218,0.3333333333333333,0.2564102564102564,-0.5786361871003036,-0.7352397494674106,0.9247474111727738,-0.6422805904288658
1255 SQM Amazing Showroom Space in Azaiba,8250,2.6,2.8,Azaiba,,info@vistaoman.com,96872349997,False,False,False,False,False,False,False,False,False,15,5.4,1527.7777777777776,9,5,0.008051610322064414,0.013839938107109083,0.18888888888888888,0.07692307692307687,-0.5294146430335661,-0.6736154701440156,-0.01617398183074357,-1.611892132365455
99 SQ M Elegant Office Space in Qurum,343,2.6,2.8,Qurum,Office,info@vistaoman.com,96872349997,False,True,False,False,False,False,False,False,False,24,5.4,63.51851851851851,48,1,0.0001430286057211442,0.0002458523166852917,0.18888888888888888,0.3076923076923077,-0.582008528024876,-0.7370921907576073,-0.01617398183074357,-0.36524872130412595
2 BR + Maid’s Room Fully Furnished Apartment in Ghubra with Amenities,500,2.0,2.0,Ghubra with Amenities,Apartment,info@vistaoman.com,96891991280,False,False,True,True,False,True,True,True,True,27,4.0,125.0,29,0,0.0003000600120024005,0.0008166423106679274,0.1111111111111111,0.3846153846153846,-0.5809642331034601,-0.7344269231158074,-0.5228239626787916,0.050299082382983674
2 BR Excellent Flat for Rent With Pool – Bousher,570,2.0,2.0,Unknown,,info@vistaoman.com,96891991280,False,False,False,False,True,True,False,False,False,20,4.0,142.5,58,5,0.0003700740148029606,0.0009791111493165992,0.1111111111111111,0.20512820512820507,-0.5804986239028288,-0.7336682851876444,-0.5228239626787916,-0.9193124595536055
2 BR Freehold Fantastic Apartment in Sultan Haitham City,70850,2.0,2.0,Sultan Haitham City,Apartment,info@vistaoman.com,96871112421,False,False,False,False,True,True,False,False,True,34,4.0,17712.5,56,0,0.07066413282656532,0.16409782515258314,0.1111111111111111,0.5641025641025641,-0.11302698646900292,0.02800419468795442,-0.5228239626787916,1.0199106243195728
"5 BR + Maid’s Room Brand New Villa – MSQ, Near Pakistani Embassy",1700,5.0,5.0,Unknown,Villa,info@vistaoman.com,96893893288,False,False,False,False,True,False,True,False,True,34,10.0,170.0,58,4,0.0015003000600120025,0.0012344193243359408,0.4444444444444445,0.5641025641025641,-0.5729823610926378,-0.7324761398719598,1.6485330980985566,1.0199106243195728
2 BR Fully Furnished Apartment in Bowsher Near Dunes,46000,2.0,2.0,Bowsher Near Dunes,Apartment,info@vistaoman.com,96891991280,False,False,True,False,False,False,False,True,False,24,4.0,11500.0,22,0,0.045809161832366475,0.10642138743230464,0.1111111111111111,0.3076923076923077,-0.27831825269311466,-0.2413122698098918,-0.5228239626787916,-0.36524872130412595
4 BR + Maid’s Room Spacious Villa in Sultan Haitham City,247000,4.0,4.0,Sultan Haitham City,Villa,info@vistaoman.com,96871112421,False,False,False,False,False,False,False,False,False,25,8.0,30875.0,56,4,0.2468493698739748,0.2862976016504771,0.3333333333333333,0.33333333333333326,1.0586453091196202,0.598608293513371,0.9247474111727738,-0.2267327867417561
2 BR Commercial/Residential Apartment in 18th Nov Street,375,2.0,2.0,18th Nov Street,Apartment,info@vistaoman.com,96872349997,False,False,False,False,True,False,False,False,True,22,4.0,93.75,0,0,0.0001750350070014003,0.0005265193845095848,0.1111111111111111,0.2564102564102564,-0.5817956781045874,-0.7357816337018126,-0.5228239626787916,-0.6422805904288658
4 BR + Maid’s Room Villa with Private Pool & Garden in Muscat Bay,422300,4.0,4.0,Muscat Bay,Villa,info@vistaoman.com,96871514513,False,False,False,False,True,True,True,False,False,41,8.0,52787.5,44,4,0.42218443688737745,0.48973179747270695,0.3333333333333333,0.7435897435897436,2.2246637787005774,1.5485313564202612,0.9247474111727738,1.989522166256162
"3 BR Townhouse + Maid’s Room in Dar Al Zain, Seeb with Private Pool",90000,3.0,3.0,Unknown,,info@vistaoman.com,96871514513,False,False,False,False,True,False,True,True,False,19,6.0,15000.0,58,5,0.08981796359271854,0.138915155162039,0.2222222222222222,0.17948717948717946,0.01435038770370292,-0.08958468417730236,0.20096172424699113,-1.0578283941159754
"6 BR Villa for Sale in Al Amerat, Second Heights",67000,6.0,6.0,Unknown,Villa,info@vistaoman.com,96893893288,False,False,False,False,False,False,False,True,False,26,12.0,5583.333333333333,58,4,0.06681336267253452,0.0514914467463251,0.5555555555555556,0.3589743589743589,-0.13863549250372445,-0.49780414076022156,2.3723187850243392,-0.0882168521793862
6 BR + 1 Maid’s Room Amazing Villa for Sale in Mawaleh,146000,6.0,6.0,Mawaleh,Villa,info@vistaoman.com,96893893288,False,False,False,False,False,False,True,False,False,23,12.0,12166.666666666666,40,4,0.14582916583316663,0.11261067652368262,0.5555555555555556,0.28205128205128205,0.3868377482087435,-0.2124117773084462,2.3723187850243392,-0.5037646558664959
3 BR Off Plan Duplex Apartment in Ghala Heights,73500,3.0,3.0,Ghala Heights,Apartment,info@vistaoman.com,96891991280,False,False,False,False,False,True,False,False,False,28,6.0,12250.0,27,0,0.07331466293258652,0.11338433766010488,0.2222222222222222,0.41025641025641024,-0.09540035244510367,-0.2087992157457655,0.20096172424699113,0.18881501694535355
6 + 1 BR Incredible Villa in Mawaleh for Sale,180000,1.0,6.0,Mawaleh for Sale,Villa,info@vistaoman.com,96871514513,False,False,False,False,True,False,True,False,False,24,7.0,25714.285714285714,42,4,0.17983596719343867,0.2383858727020422,0.27777777777777773,0.3076923076923077,0.6129907885153753,0.3748875167387876,0.5628545677098825,-0.36524872130412595
5 + 1 BR Freehold Furnished Penthouse Apartment – Sultan Haitham City,455015,1.0,5.0,Unknown,Penthouse,info@vistaoman.com,96871112421,False,False,True,True,False,True,True,True,False,38,6.0,75835.83333333333,58,2,0.45490598119623926,0.7037109945843719,0.2222222222222222,0.6666666666666666,2.4422695643956205,2.5476936334264892,0.20096172424699113,1.5739743625690523
5 BR Lovely Villa in Amerat,94000,5.0,5.0,Amerat,Villa,info@vistaoman.com,96893893288,False,False,False,False,True,False,False,False,False,22,10.0,9400.0,8,4,0.09381876375275056,0.08692512679446403,0.4444444444444445,0.2564102564102564,0.04095662773977725,-0.3323488211894454,1.6485330980985566,-0.6422805904288658
DEAL ALERT!  4 BR + Maid’s Room Brand New Villa in Al-Bustan for Sale,83000,4.0,4.0,Unknown,Villa,info@vistaoman.com,96871514513,False,False,False,False,False,False,False,False,False,25,8.0,10375.0,58,4,0.08281656331266253,0.09597696209060431,0.3333333333333333,0.33333333333333326,-0.03221053235942715,-0.29008185090608124,0.9247474111727738,-0.2267327867417561
400 SQM Road-Facing Showroom for Rent in Ruwi,2500,2.6,2.8,Ruwi,,info@vistaoman.com,96872349997,False,False,False,False,False,False,False,False,False,15,5.4,462.96296296296293,51,5,0.002300460092018404,0.0039542680306025955,0.18888888888888888,0.07692307692307687,-0.567661113085423,-0.7197759790004912,-0.01617398183074357,-1.611892132365455
1 BR Fully Furnished Apartment in Muscat Grand Mall,70000,1.0,1.0,Muscat Grand Mall,Apartment,info@vistaoman.com,96891991280,False,False,False,False,False,False,False,True,False,22,2.0,35000.0,45,0,0.06981396279255851,0.3245938279033783,0.0,0.2564102564102564,-0.11868081247666872,0.7774300908660656,-1.2466096496045744,-0.6422805904288658
5 BR Amazing Villa in Qurum – Near PDO,550,5.0,5.0,Unknown,Villa,info@vistaoman.com,96893893288,False,False,False,False,False,False,False,False,True,32,10.0,55.0,58,4,0.0003500700140028006,0.0001667669560732399,0.4444444444444445,0.5128205128205128,-0.5806316551030092,-0.7374614748284591,1.6485330980985566,0.742878755194833
2 BR Amazing Apartment Boulevard Tower – Muscat Hills,400,2.0,2.0,Unknown,Apartment,info@vistaoman.com,96893891066,False,False,True,True,False,True,False,True,True,30,4.0,100.0,58,0,0.00020004000800160032,0.0005845439697412533,0.1111111111111111,0.46153846153846145,-0.581629389104362,-0.7355106915846116,-0.5228239626787916,0.46584688607009334
1 BR Freehold Large Flat in Muscat Hills – BLV Tower,66147,1.0,1.0,Unknown,,info@vistaoman.com,96893893443,False,False,True,True,False,True,False,True,False,20,2.0,33073.5,58,5,0.06596019203840768,0.3067083297515688,0.0,0.20512820512820507,-0.14430927319141731,0.6939148926600133,-1.2466096496045744,-0.9193124595536055
"2 BR + Maid’s Room Simplex Apartment, Madinat Sultan Qaboos",650,2.0,2.0,Unknown,Apartment,info@vistaoman.com,96891991280,False,False,True,False,True,True,True,True,False,27,4.0,162.5,58,0,0.0004500900180036008,0.0011647898220579385,0.1111111111111111,0.3846153846153846,-0.5799664991021073,-0.732801270412601,-0.5228239626787916,0.050299082382983674
3 BR + Maid’s Room Prime Located Villa in Bosher,1250,3.0,3.0,Bosher,Villa,info@vistaoman.com,96891991280,False,False,False,False,True,True,True,True,True,27,6.0,208.33333333333334,17,4,0.0010502100420084017,0.0015903034470901745,0.2222222222222222,0.3846153846153846,-0.5759755630966962,-0.7308143615531267,0.20096172424699113,0.050299082382983674
5 BR Stunning Seafront Villa in Sifa – Private Pool,1000000,5.0,5.0,Unknown,Villa,info@vistaoman.com,96871112421,False,False,False,False,True,False,False,True,False,38,10.0,100000.0,58,4,1.0,0.928049514312731,0.4444444444444445,0.6666666666666666,6.067269995910612,3.595228109757012,1.6485330980985566,1.5739743625690523
2 BR Elegant Offplan Duplex Apartment in Ghubra,58000,2.0,2.0,Ghubra,Apartment,info@vistaoman.com,96871514513,False,False,True,False,True,False,False,False,True,33,4.0,14500.0,28,0,0.0578115623124625,0.13427318834350552,0.1111111111111111,0.5384615384615384,-0.1984995325848917,-0.11126005355338657,-0.5228239626787916,0.8813946897572029
1 BR Amazing Freehold Apartment in Jebel Sifah,55000,1.0,1.0,Jebel Sifah,Apartment,info@vistaoman.com,96893893288,False,False,False,False,False,True,False,False,False,21,2.0,27500.0,33,0,0.054810962192438493,0.2549643256253761,0.0,0.23076923076923073,-0.21845421261194745,0.45229955022480267,-1.2466096496045744,-0.7807965249912356
98 SQ M Freehold Office Space For Sale in Al Khoud,107250,2.6,2.8,Al Khoud,Office,info@vistaoman.com,96871514513,False,False,False,False,False,False,False,False,False,28,5.4,19861.11111111111,2,1,0.10707141428285658,0.1840453881200034,0.18888888888888888,0.41025641025641024,0.12908979785927346,0.1211480736457384,-0.01617398183074357,0.18881501694535355
5 BR + Maid’s Room Freehold Modern Twin Villa in Sultan Haitham City,174650,5.0,5.0,Villa in Sultan Haitham City,Villa,info@vistaoman.com,96871112421,False,False,False,False,False,True,True,False,False,38,10.0,17465.0,59,4,0.17448489697939587,0.16180005157740907,0.4444444444444445,0.6666666666666666,0.5774049424671258,0.01727488684679274,1.6485330980985566,1.5739743625690523
100 SQ M Office Space in Qurum,400,2.6,2.8,Qurum,Office,info@vistaoman.com,96893389810,False,False,False,False,False,False,False,False,False,12,5.4,74.07407407407408,48,1,0.00020004000800160032,0.00034384939396544313,0.18888888888888888,0.0,-0.581629389104362,-0.7366345996263345,-0.01617398183074357,-2.0274399360525646
7 + 1 BR Incredible Villa For Sale – Al Khoud 6,525000,1.0,7.0,Unknown,Villa,info@vistaoman.com,96893893443,False,False,False,False,False,False,False,False,False,21,8.0,65625.0,58,4,0.5249049809961993,0.608914295538554,0.3333333333333333,0.23076923076923073,2.907778991626786,2.105046465151223,0.9247474111727738,-0.7807965249912356
2 BR Amazing Freehold Apartment in Al Mouj with Gym & Swimming Pool,203000,2.0,2.0,Unknown,Apartment,info@vistaoman.com,96893893443,False,True,True,True,False,False,False,False,False,26,4.0,50750.0,58,0,0.20284056811362272,0.470815782687183,0.1111111111111111,0.3589743589743589,0.7659766687228027,1.4602042262127182,-0.5228239626787916,-0.0882168521793862
2 BR Corner Furnished Apartment in Ghubra,600,2.0,2.0,Ghubra,Apartment,info@vistaoman.com,96891991280,False,False,False,False,False,True,False,True,True,30,4.0,150.0,28,0,0.00040008001600320064,0.0010487406515946015,0.1111111111111111,0.46153846153846145,-0.5802990771025582,-0.7333431546470032,-0.5228239626787916,0.46584688607009334
3 BR + Maid’s Room Cozy Apartment in Ghubra,350,3.0,3.0,Ghubra,Apartment,info@vistaoman.com,96891991280,False,False,False,False,False,False,True,False,True,23,6.0,58.333333333333336,28,0,0.00015003000600120024,0.0001977134015301298,0.2222222222222222,0.28205128205128205,-0.581961967104813,-0.737316972365952,0.20096172424699113,-0.5037646558664959
1 BR Large Apartment For Sale for All Nationalities – Muscat Hills,77012,1.0,1.0,Unknown,Apartment,info@vistaoman.com,96893893443,False,False,True,True,False,True,False,True,False,20,2.0,38506.0,58,0,0.07682736547309463,0.3571432992349351,0.0,0.20512820512820507,-0.07204007369343042,0.9294177809311681,-1.2466096496045744,-0.9193124595536055
2 BR Freehold Beautiful Flat with Shared Pool & Gym in Muscat Hills,77377,2.0,2.0,Muscat Hills,,info@vistaoman.com,96893893443,False,False,True,True,True,True,False,True,False,21,4.0,19344.25,46,5,0.07719243848769754,0.17924688386486717,0.1111111111111111,0.23076923076923073,-0.06961225429013863,0.0987417626468052,-0.5228239626787916,-0.7807965249912356
1 BR Amazing Freehold Off Plan Apartment in Aida – Yiti,102030,1.0,1.0,Unknown,Apartment,info@vistaoman.com,96893893443,False,False,True,False,True,False,False,True,False,26,2.0,51015.0,58,0,0.1018503700740148,0.47327602510100575,0.0,0.3589743589743589,0.09436865461219646,1.4716921719820428,-1.2466096496045744,-0.0882168521793862
3 BR Compact Furnished Flat in Mawaleh,130000,3.0,3.0,Mawaleh,,info@vistaoman.com,96893893288,False,False,False,False,False,False,False,False,False,21,6.0,21666.666666666668,40,5,0.1298259651930386,0.20080804607581879,0.2222222222222222,0.23076923076923073,0.2804127880644462,0.1994202408371537,0.20096172424699113,-0.7807965249912356
"5,000 SQM Industrial Land for Rent in Misfah",4000,2.6,2.8,Misfah,,info@vistaoman.com,96891991280,False,False,False,False,False,False,False,False,False,16,5.4,740.7407407407406,43,5,0.003800760152030406,0.006533138485343418,0.18888888888888888,0.10256410256410253,-0.5576837730718951,-0.7077341071248888,-0.01617398183074357,-1.473376197803085
4 + 1 BR Stunning Villa for in Ghubra,900,1.0,4.0,Ghubra,Villa,info@vistaoman.com,96891991280,False,False,False,False,False,False,True,False,False,27,5.0,180.0,28,4,0.0007001400280056011,0.0013272586607066103,0.16666666666666669,0.3846153846153846,-0.5783036090998527,-0.7320426324844381,-0.16093111921590025,0.050299082382983674
2 BR Nice Apartment in Ruwi for Rent,230,2.0,2.0,Ruwi for Rent,Apartment,info@vistaoman.com,96891991280,False,False,False,False,False,False,False,False,True,22,4.0,57.5,52,0,3.000600120024006e-05,0.00018997679016590727,0.1111111111111111,0.2564102564102564,-0.5827601543058951,-0.7373530979815787,-0.5228239626787916,-0.6422805904288658
3 BR + Maid’s Room Furnished Commercial Villa in Al Hail – w/ Pool,900,3.0,3.0,Unknown,Villa,info@vistaoman.com,96872349997,False,False,False,False,False,False,True,False,True,33,6.0,150.0,58,4,0.0007001400280056011,0.0010487406515946015,0.2222222222222222,0.5384615384615384,-0.5783036090998527,-0.7333431546470032,0.20096172424699113,0.8813946897572029
2 BR Great Apartment in Al Khuwair – Amenities Nearby (Gas Free),275,2.0,2.0,Unknown,Apartment,info@vistaoman.com,96891991280,False,False,False,False,False,True,False,True,False,22,4.0,68.75,58,0,7.501500300060015e-05,0.00029442104358291067,0.1111111111111111,0.2564102564102564,-0.5824608341054893,-0.7368654021706168,-0.5228239626787916,-0.6422805904288658
5 BR + Maid’s Room Well Maintained Villa for Rent – Shatti,1700,5.0,5.0,Unknown,Villa,info@vistaoman.com,96893893288,False,False,False,False,False,True,True,False,False,39,10.0,170.0,58,4,0.0015003000600120025,0.0012344193243359408,0.4444444444444445,0.6923076923076923,-0.5729823610926378,-0.7324761398719598,1.6485330980985566,1.7124902971314222
562 SQM Amazing Warehouse/Land Space in Barka for Rent,1967,2.6,2.8,Barka for Rent,,info@vistaoman.com,96872349997,False,False,False,False,False,False,False,False,False,17,5.4,364.25925925925924,13,5,0.001767353470694139,0.00303790939568469,0.18888888888888888,0.1282051282051282,-0.5712063945702298,-0.7240548574736219,-0.01617398183074357,-1.3348602632407152
7 BR + 1 Maid’s Room Spacious Villa for Rent in Azaiba,2200,7.0,7.0,Azaiba,Villa,info@vistaoman.com,96871514513,False,False,False,False,False,True,True,False,False,27,14.0,157.14285714285714,9,4,0.0020004000800160036,0.0011150544632879367,0.6666666666666665,0.3846153846153846,-0.5696565810881286,-0.733033506513059,3.0961044719501225,0.050299082382983674
"1 BR Luxury Apartment – The Great Escape, AIDA by DarGlobal",95451,1.0,1.0,Unknown,Apartment,info@vistaoman.com,96893893443,False,False,True,True,True,False,False,True,False,37,2.0,47725.5,58,0,0.09527005401080216,0.44273652540187397,0.0,0.641025641025641,0.05060804131286321,1.3290899168567847,-1.2466096496045744,1.4354584280066824
98 SQM Freehold Retail Shops for Sale in Muscat Hills,108000,2.6,2.8,Muscat Hills,Shop,info@vistaoman.com,96871514513,False,False,False,False,False,False,False,False,False,51,5.4,20000.0,46,3,0.10782156431286258,0.18533482334737383,0.18888888888888888,1.0,0.1340784678660374,0.12716900958353963,-0.01617398183074357,3.374681511879861
3 BR Spacious Villa in Al Amarat with Security System,120000,3.0,3.0,Al Amarat with Security System,Villa,info@vistaoman.com,96893893288,False,False,False,False,False,False,False,True,False,21,6.0,20000.0,1,4,0.11982396479295859,0.18533482334737383,0.2222222222222222,0.23076923076923073,0.21389718797426036,0.12716900958353963,0.20096172424699113,-0.7807965249912356
1 BR Freehold Apartment with Terrace in Muscat Hills,60294,1.0,1.0,Muscat Hills,Apartment,info@vistaoman.com,96893893443,False,False,True,True,True,False,False,False,False,37,2.0,30147.0,46,0,0.06010602120424085,0.2795388979626923,0.0,0.641025641025641,-0.18324085392420306,0.5670489557017924,-1.2466096496045744,1.4354584280066824
1 BR + Study Room Apartment in Al Mouj,530,1.0,1.0,Al Mouj,Apartment,info@vistaoman.com,96893891066,False,False,False,True,True,False,False,True,True,26,2.0,265.0,6,0,0.00033006601320264054,0.0021163930198573027,0.0,0.3589743589743589,-0.5807646863031896,-0.7283578196905037,-1.2466096496045744,-0.0882168521793862
5 BR Stunning Villa in Barka with Private Pool,350000,5.0,5.0,Barka with Private Pool,Villa,info@vistaoman.com,96872349997,False,False,False,False,True,False,False,False,True,24,10.0,35000.0,14,4,0.34986997399479897,0.3245938279033783,0.4444444444444445,0.3076923076923077,1.743755990048534,0.7774300908660656,1.6485330980985566,-0.36524872130412595
2 BR Fully Furnished Apartment | Ghubra – MGM,625,2.0,2.0,Unknown,Apartment,info@vistaoman.com,96891991280,False,False,False,False,False,True,False,True,False,25,4.0,156.25,58,0,0.0004250850170034007,0.00110676523682627,0.1111111111111111,0.33333333333333326,-0.5801327881023328,-0.733072212529802,-0.5228239626787916,-0.2267327867417561
3 BR Compact Villa in Al Khuwair,500,3.0,3.0,Al Khuwair,Villa,info@vistaoman.com,96891991280,False,False,False,False,False,False,False,False,False,17,6.0,83.33333333333333,3,4,0.0003000600120024005,0.00042981174245680377,0.2222222222222222,0.1282051282051282,-0.5809642331034601,-0.7362332038971477,0.20096172424699113,-1.3348602632407152
10 BR + Maid’s Room Generous Villa in Azaiba,2000,10.0,10.0,Azaiba,Villa,info@vistaoman.com,96891991280,False,False,False,False,False,False,False,False,True,22,20.0,100.0,9,4,0.0018003600720144029,0.0005845439697412533,1.0,0.2564102564102564,-0.5709868930899322,-0.7355106915846116,5.26746153272747,-0.6422805904288658
378 SQM Prime Ground Floor Office – Shatti Al Qurum,2500,2.6,2.8,Unknown,Office,info@vistaoman.com,96872349997,False,False,False,False,False,False,False,False,False,18,5.4,462.96296296296293,58,1,0.002300460092018404,0.0039542680306025955,0.18888888888888888,0.1538461538461538,-0.567661113085423,-0.7197759790004912,-0.01617398183074357,-1.1963443286783453
2 BR + Maid’s Room Elegant Flat in Qurum,52500,2.0,2.0,Qurum,,info@vistaoman.com,96893893288,False,False,False,False,False,False,True,False,False,19,4.0,13125.0,48,5,0.052310462092418485,0.12150777959253846,0.1111111111111111,0.17948717948717946,-0.23508311263449388,-0.17086731933761812,-0.5228239626787916,-1.0578283941159754
5 BR + Maid’s Room Villa | Prime Location – Al Qurum 20,120000,5.0,5.0,Unknown,Villa,info@vistaoman.com,96893893288,False,False,False,False,False,False,True,False,False,28,10.0,12000.0,58,4,0.11982396479295859,0.11106335425083813,0.4444444444444445,0.41025641025641024,0.21389718797426036,-0.21963690043380757,1.6485330980985566,0.18881501694535355
1 BR Brand New Freehold Modern Duplex Apartment in Hawana Salalah,72100,1.0,1.0,Hawana Salalah,Apartment,info@vistaoman.com,96893893443,False,False,False,False,False,False,False,False,False,26,2.0,36050.0,31,0,0.07191438287657533,0.3343419582222986,0.0,0.3589743589743589,-0.10471253645772968,0.8229483665558425,-1.2466096496045744,-0.0882168521793862
3 + 1 Fully Furnished Villa for Sale in Al Khoud with Garden & Pool,150000,2.6,3.0,Unknown,Villa,info@vistaoman.com,96891991280,False,False,False,False,False,True,False,False,False,26,5.6,26785.714285714286,58,4,0.14982996599319862,0.2483329444560425,0.19999999999999996,0.3589743589743589,0.4134439882448178,0.4213347368303967,0.056204586861834445,-0.0882168521793862
1 BR Fully Furnished Apartment in BLV Tower with Residency – Muscat Hills,68000,1.0,1.0,Unknown,Apartment,info@vistaoman.com,96893893443,False,False,True,True,True,False,False,True,False,23,2.0,34000.0,58,0,0.0678135627125425,0.31530989426631134,0.0,0.28205128205128205,-0.13198393249470589,0.7340793521138973,-1.2466096496045744,-0.5037646558664959
140 SQ M Showroom Space in CBD,500,2.6,2.8,CBD,,info@vistaoman.com,96893389810,False,False,False,False,False,False,False,False,False,12,5.4,92.59259259259258,23,5,0.0003000600120024005,0.0005157740909481645,0.18888888888888888,0.0,-0.5809642331034601,-0.735831808167961,-0.01617398183074357,-2.0274399360525646
674 SQM Furnished Office Space in Qurum,4400,2.6,2.8,Qurum,Office,info@vistaoman.com,96872349997,False,False,False,False,False,False,False,False,False,18,5.4,814.8148148148148,48,1,0.004200840168033607,0.007220837273274305,0.18888888888888888,0.1538461538461538,-0.5550231490682876,-0.7045229412913949,-0.01617398183074357,-1.1963443286783453
1 BR Furnished Stunning Apartment – Al Mouj,108000,1.0,1.0,Unknown,Apartment,info@vistaoman.com,96893891066,False,False,True,True,False,False,False,True,True,28,2.0,54000.0,58,0,0.10782156431286258,0.5009885670076506,0.0,0.41025641025641024,0.1340784678660374,1.6010941271572654,-1.2466096496045744,0.18881501694535355
6 BR Stunning Grand Freehold Villa in Al Mouj for Sale,950000,6.0,6.0,Al Mouj for Sale,Villa,info@vistaoman.com,96893893443,False,False,False,False,False,False,False,False,False,25,12.0,79166.66666666667,7,4,0.9499899979995999,0.7346342302071692,0.5555555555555556,0.33333333333333326,5.734691995459683,2.692087719086837,2.3723187850243392,-0.2267327867417561
Modern 3-Desk Business Centre Offices in Muscat Hills,329,2.6,2.8,Muscat Hills,Office,info@vistaoman.com,96893389810,False,False,False,False,False,False,False,False,False,24,5.4,60.925925925925924,46,1,0.0001290258051610322,0.0002217828591077107,0.18888888888888888,0.3076923076923077,-0.5821016498650023,-0.7372045815617796,-0.01617398183074357,-0.36524872130412595
600 SQM Fantastic Office Space in Qurum- Prime Commercial Building,3300,2.6,2.8,Unknown,Office,info@vistaoman.com,96872349997,False,False,False,False,False,False,False,False,False,20,5.4,611.1111111111111,58,1,0.0031006201240248053,0.005329665606464368,0.18888888888888888,0.20512820512820507,-0.5623398650782081,-0.7133536473335034,-0.01617398183074357,-0.9193124595536055
895 SQM Vibrant Office Spaces in Azaiba,4680,2.6,2.8,Azaiba,Office,info@vistaoman.com,96872349997,False,False,False,False,False,False,False,False,False,21,5.4,866.6666666666666,9,1,0.004480896179235847,0.007702226424825925,0.18888888888888888,0.23076923076923073,-0.5531607122657625,-0.7022751252079491,-0.01617398183074357,-0.7807965249912356
4 + 1 BR Large Villa in Yiti with Residency,455617,1.0,4.0,Yiti with Residency,Villa,info@vistaoman.com,96893893443,False,False,False,False,False,False,True,False,False,26,5.0,91123.4,62,4,0.45550810162032407,0.8456397489899422,0.16666666666666669,0.3589743589743589,2.4462738035210494,3.2104209421495136,-0.16093111921590025,-0.0882168521793862
2 BR Impressive Semi Furnished Freehold Apartment in Muscat Bay,125000,2.0,2.0,Muscat Bay,Apartment,info@vistaoman.com,96871514513,False,False,False,False,False,True,False,False,False,27,4.0,31250.0,44,0,0.1248249649929986,0.2897790767643772,0.1111111111111111,0.3846153846153846,0.24715498801935326,0.6148648205454341,-0.5228239626787916,0.050299082382983674
5 BR + Maid’s Room Fantastic Villa in Madinat Qaboos,800,5.0,5.0,Madinat Qaboos,Villa,info@vistaoman.com,96893893288,False,False,False,False,False,True,True,False,False,30,10.0,80.0,37,4,0.000600120024004801,0.00039886529699991396,0.4444444444444445,0.46153846153846145,-0.5789687651007546,-0.7363777063596549,1.6485330980985566,0.46584688607009334
2 BR Apartments in Duqm For Sale WITH RESIDENCY,45000,2.0,2.0,Duqm For Sale WITH RESIDENCY,Apartment,info@vistaoman.com,96871514513,False,False,False,False,False,True,False,True,False,16,4.0,11250.0,24,0,0.04480896179235847,0.10410040402303791,0.1111111111111111,0.10256410256410253,-0.28496981270213323,-0.25214995449793387,-0.5228239626787916,-1.473376197803085
2 BR + Maid’s room Freehold Offplan Apartment in Sohar,55319,2.0,2.0,Sohar,Apartment,info@vistaoman.com,96871514513,False,False,True,False,False,False,True,False,False,37,4.0,13829.75,55,0,0.05513002600520105,0.1280506318232614,0.1111111111111111,0.641025641025641,-0.21633236496907052,-0.14031588620202745,-0.5228239626787916,1.4354584280066824
750 SQ M Penthouse Office Space in Qurum  with Terrace,3600,2.6,2.8,Qurum  with Terrace,Penthouse,info@vistaoman.com,96893389810,False,False,False,False,False,False,False,False,False,12,5.4,666.6666666666666,49,2,0.0034006801360272057,0.005845439697412532,0.18888888888888888,0.0,-0.5603443970755025,-0.7109452729583827,-0.01617398183074357,-2.0274399360525646
1 BR Fantastic Freehold Brand-New Apartment in Hawana Salalah,66950,1.0,1.0,Hawana Salalah,Apartment,info@vistaoman.com,96893893443,False,False,False,False,False,False,False,False,False,28,2.0,33475.0,31,0,0.06676335267053411,0.3104358291068512,0.0,0.41025641025641024,-0.1389680705041754,0.7113202142690088,-1.2466096496045744,0.18881501694535355
2 BR Beautiful Apartment with Panoramic Views – Muscat Hills,430,2.0,2.0,Unknown,Apartment,info@vistaoman.com,96893891066,False,False,False,True,True,True,False,True,False,33,4.0,107.5,58,0,0.00023004600920184038,0.0006541734720192554,0.1111111111111111,0.5384615384615384,-0.5814298423040914,-0.7351855610439703,-0.5228239626787916,0.8813946897572029
2 BR Off-Plan Smart Apartment in Bosher with Shared Pool and Gym,60486,2.0,2.0,Bosher with Shared Pool and Gym,Apartment,info@vistaoman.com,96893893288,False,False,True,True,True,False,False,False,False,32,4.0,15121.5,19,0,0.06029805961192239,0.14004315309894264,0.1111111111111111,0.5128205128205128,-0.1819637544024715,-0.08431756941891391,-0.5228239626787916,0.742878755194833
400 SQM Office Space – Qurum – Nearby Amenities,1400,2.6,2.8,Unknown,Office,info@vistaoman.com,96872349997,False,False,False,False,False,False,False,False,False,23,5.4,259.25925925925924,58,1,0.001200240048009602,0.0020630963637926587,0.18888888888888888,0.28205128205128205,-0.5749778290953435,-0.7286066850425995,-0.01617398183074357,-0.5037646558664959
2 BR + Maid’s Room Nice Apartment – Muscat Bay with Amenities,700,2.0,2.0,Unknown,Apartment,info@vistaoman.com,96891991280,False,False,False,True,True,True,True,True,False,30,4.0,175.0,58,0,0.0005001000200040008,0.0012808389925212755,0.1111111111111111,0.46153846153846145,-0.5796339211016565,-0.732259386178199,-0.5228239626787916,0.46584688607009334
3 BR + Maids Room Improved Villa with Private Pool/Garden – Muscat Bay,496000,3.0,3.0,Unknown,Villa,info@vistaoman.com,96871514513,False,False,False,False,True,False,False,True,True,39,6.0,82666.66666666667,58,4,0.4958991798359672,0.7671279979369036,0.2222222222222222,0.6923076923076923,2.714883751365247,2.8438153047194263,0.20096172424699113,1.7124902971314222
Great Offer! 50 SQM Freehold Studio Apartment in Wadi Zaha,42000,2.6,1.0,Wadi Zaha,Apartment,info@vistaoman.com,96871112421,False,False,False,False,True,False,False,False,False,24,3.6,11666.666666666666,60,0,0.04180836167233447,0.10796870970514914,0.08888888888888888,0.3076923076923077,-0.304924492729189,-0.2340871466845304,-0.6675811000639481,-0.36524872130412595
205 SQM Spacious Office for Rent – Al Khuwair,650,2.6,2.8,Unknown,Office,info@vistaoman.com,96872349997,False,False,False,False,False,False,False,False,False,18,5.4,120.37037037037037,58,1,0.0004500900180036008,0.0007736611364222469,0.18888888888888888,0.1538461538461538,-0.5799664991021073,-0.7346276209804008,-0.01617398183074357,-1.1963443286783453
4 + 1 BR Standalone Villa in Aida – Dar Global,491410,1.0,4.0,Unknown,Villa,info@vistaoman.com,96893893443,False,False,False,False,False,False,True,False,False,26,5.0,98282.0,58,4,0.49130826165233044,0.9120997163242499,0.16666666666666669,0.3589743589743589,2.6843530909238518,3.5207515405807865,-0.16093111921590025,-0.0882168521793862
114 SQM Well-Maintained Office in Bawsher,950,2.6,2.8,Bawsher,Office,info@vistaoman.com,96872349997,False,False,False,False,False,False,False,False,False,37,5.4,175.92592592592592,16,1,0.0007501500300060013,0.0012894352273704116,0.18888888888888888,0.641025641025641,-0.5779710310994017,-0.7322192466052803,-0.01617398183074357,1.4354584280066824
3 BR Incredible Duplex Sky Villa – Sultan Haitham City with Private Pool,133575,3.0,3.0,Unknown,Villa,info@vistaoman.com,96871112421,False,False,False,False,True,False,False,False,False,26,6.0,22262.5,58,4,0.1334016803360672,0.20633972320123783,0.2222222222222222,0.3589743589743589,0.3041921150966876,0.22525005601032064,0.20096172424699113,-0.0882168521793862
"3 BR Freehold Stunning Apartment – The Residences at Mandarin Oriental, Shatti Al Qurum",508082,3.0,3.0,Unknown,Apartment,info@vistaoman.com,96893893443,False,False,True,False,True,True,False,True,True,39,6.0,84680.33333333333,58,0,0.5079835967193439,0.7858227456374107,0.2222222222222222,0.6923076923076923,2.7952478993942096,2.9311092423200424,0.20096172424699113,1.7124902971314222
"1000 SQM Ready Office Spaces in Prime Commercial Building, Qurum",5500,2.6,2.8,Unknown,Office,info@vistaoman.com,96872349997,False,False,False,False,False,False,False,False,False,20,5.4,1018.5185185185185,58,1,0.005301060212042409,0.009112008940084241,0.18888888888888888,0.20512820512820507,-0.5477064330583672,-0.6956922352492865,-0.01617398183074357,-0.9193124595536055
2 BR Modern Apartment in Bosher with Pool and Gym,500,2.0,2.0,Bosher with Pool and Gym,Apartment,info@vistaoman.com,96891991280,False,False,True,True,True,True,False,True,True,25,4.0,125.0,18,0,0.0003000600120024005,0.0008166423106679274,0.1111111111111111,0.33333333333333326,-0.5809642331034601,-0.7344269231158074,-0.5228239626787916,-0.2267327867417561
3 + 1 BR Freehold Apartment in Qurum – Off Plan,103574,1.0,3.0,Unknown,Apartment,info@vistaoman.com,96871514513,False,False,True,True,True,False,True,False,False,22,4.0,25893.5,58,0,0.10339467893578716,0.24004968623742798,0.1111111111111111,0.2564102564102564,0.10463866326612115,0.3826565884194441,-0.5228239626787916,-0.6422805904288658
1 BR Furnished Apartment with Balcony – Marriott Residences AIDA,184350,1.0,1.0,Unknown,Apartment,info@vistaoman.com,96893893443,False,False,True,True,True,False,False,False,False,40,2.0,92175.0,58,0,0.1841868373674735,0.8554027336026819,0.0,0.7179487179487178,0.6419250745546061,3.256008579021294,-1.2466096496045744,1.851006231693792
"3 BR Apartment for Sale in MGM, Bausher",85000,3.0,3.0,Unknown,Apartment,info@vistaoman.com,96891991280,False,False,False,False,True,True,False,False,False,24,6.0,14166.666666666666,58,0,0.08481696339267854,0.13117854379781654,0.2222222222222222,0.3076923076923077,-0.018907412341389988,-0.1257102998041094,0.20096172424699113,-0.36524872130412595
250 SQM Office Spaces in Prime Commercial Building – Qurum,1375,2.6,2.8,Unknown,Office,info@vistaoman.com,96872349997,False,False,False,False,False,False,False,False,False,19,5.4,254.62962962962962,58,1,0.001175235047009402,0.0020201151895469782,0.18888888888888888,0.17948717948717946,-0.5751441180955689,-0.7288073829071928,-0.01617398183074357,-1.0578283941159754
2 BR Fully Furnished Freehold Modern Flat in Boulevard Tower for Sale,95000,2.0,2.0,Boulevard Tower for Sale,,info@vistaoman.com,96893893443,False,False,True,True,False,False,False,True,False,25,4.0,23750.0,20,5,0.09481896379275856,0.22014957448637495,0.1111111111111111,0.33333333333333326,0.04760818774879583,0.28973427990417117,-0.5228239626787916,-0.2267327867417561
2 BR + Maid’s Room Stunning Apartment – Muscat Bay with Amenities,220000,2.0,2.0,Unknown,Apartment,info@vistaoman.com,96891991280,False,False,False,True,True,True,True,True,False,30,4.0,55000.0,58,0,0.21984396879375875,0.5102725006447175,0.1111111111111111,0.46153846153846145,0.8790531888761184,1.644444865909434,-0.5228239626787916,0.46584688607009334
"1 Bedroom Elegant Apartment – The Great Escape, AIDA by DarGlobal",89255,2.6,1.0,Unknown,Apartment,info@vistaoman.com,96893893443,False,False,True,True,True,False,False,True,False,46,3.6,24793.055555555555,58,0,0.08907281456291259,0.22983323304392672,0.08888888888888888,0.8717948717948718,0.009394975496984077,0.3349515087970579,-0.6675811000639481,2.6821018390680114
2 BR Stunning Apartment with Pool View | Spacious Balcony | Al Mouj,146500,2.0,2.0,Unknown,Apartment,info@vistaoman.com,96893893443,False,False,True,True,False,True,False,True,True,28,4.0,36625.0,58,0,0.14632926585317063,0.33968022006361215,0.1111111111111111,0.41025641025641024,0.3901635282132528,0.8478750413383394,-0.5228239626787916,0.18881501694535355
4 + 1 Maid’s Room Amazing Villa with Private Pool in Muscat Hills,1350,2.6,4.0,Muscat Hills,Villa,info@vistaoman.com,96893891066,False,False,False,False,False,False,True,True,True,34,6.6,204.54545454545456,46,4,0.0011502300460092018,0.0015551370317982542,0.25555555555555554,0.5641025641025641,-0.5753104070957943,-0.7309785688968848,0.4180974303247258,1.0199106243195728
52 SQM Commercial Shop for Rent | Azaiba – Excellent Location,780,2.6,2.8,Unknown,Shop,info@vistaoman.com,96872349997,False,False,False,False,False,False,False,False,False,27,5.4,144.44444444444443,58,3,0.0005801160232046409,0.0009971632424997847,0.18888888888888888,0.3846153846153846,-0.579101796300935,-0.7335839920845152,-0.01617398183074357,0.050299082382983674
"2 BR Cliffside Living Apartment in The Great Escape, AIDA by DarGlobal",138960,2.0,2.0,Unknown,Apartment,info@vistaoman.com,96893893443,False,False,True,True,True,False,False,False,False,43,4.0,34740.0,58,0,0.1387877575515103,0.3221800051577409,0.1111111111111111,0.7948717948717947,0.3400107657452527,0.7661588987905019,-0.5228239626787916,2.266554035380902
330 SQM Showroom for Rent at Azaiba with Amenities Nearby,2640,2.6,2.8,Unknown,,info@vistaoman.com,96872349997,False,False,False,False,False,False,False,False,False,18,5.4,488.88888888888886,58,5,0.0024404880976195238,0.004194962606378406,0.18888888888888888,0.1538461538461538,-0.5667298946841604,-0.7186520709587683,-0.01617398183074357,-1.1963443286783453
49 SQM Offplan Freehold Studio Apartment in Muscat Hills,47775,2.6,1.0,Muscat Hills,Apartment,info@vistaoman.com,96893893443,False,False,True,True,True,False,False,False,False,37,3.6,13270.833333333332,46,0,0.047584516903380676,0.12286168658127739,0.08888888888888888,0.641025641025641,-0.2665117336771067,-0.16454533660292694,-0.6675811000639481,1.4354584280066824
3 BR + Maid’s Room Amazing Villa in Al Khuwair with Amenities Nearby,700,3.0,3.0,Al Khuwair with Amenities Nearby,Villa,info@vistaoman.com,96891991280,False,False,False,False,False,False,True,False,False,30,6.0,116.66666666666667,4,4,0.0005001000200040008,0.0007392761970257027,0.2222222222222222,0.46153846153846145,-0.5796339211016565,-0.7347881792720754,0.20096172424699113,0.46584688607009334
6 BR Spacious Furnished Commercial Villa with Amenities Nearby in Seeb,125000,6.0,6.0,Seeb,Villa,info@vistaoman.com,96891991280,False,False,False,False,True,False,False,True,True,27,12.0,10416.666666666666,53,4,0.1248249649929986,0.09636379265881544,0.5555555555555556,0.3846153846153846,0.24715498801935326,-0.2882755701247409,2.3723187850243392,0.050299082382983674
4 BR Duplex Apartment in Al Khoud – Freehold Property with Installments,236643,4.0,4.0,Unknown,Apartment,info@vistaoman.com,96871112421,False,True,False,False,False,True,True,True,False,31,8.0,29580.375,58,0,0.23649029805961191,0.27427838906558927,0.3333333333333333,0.4871794871794871,0.9897551021062146,0.542485343356345,0.9247474111727738,0.6043628206324632
"2 BR Exquisite Apartment in The Great Escape, AIDA by DarGlobal",138912,2.0,2.0,Unknown,Apartment,info@vistaoman.com,96893893443,False,False,True,True,True,False,False,True,False,46,4.0,34728.0,58,0,0.1387397479495899,0.3220685979540961,0.1111111111111111,0.8717948717948718,0.33969149086481976,0.7656386899254759,-0.5228239626787916,2.6821018390680114
"2 BR Fully Furnished Apartment in Juman Two, Al Mouj – with Amenities",1250,2.0,2.0,Unknown,Apartment,info@vistaoman.com,96893891066,False,False,False,True,False,True,False,True,False,42,4.0,312.5,58,0,0.0010502100420084017,0.0025573798676179833,0.1111111111111111,0.7692307692307692,-0.5759755630966962,-0.7262986595997758,-0.5228239626787916,2.128038100818532
Freehold 1 BR apartment featuring a balcony in Sultan Haitham City,62008,1.0,1.0,Sultan Haitham City,Apartment,info@vistaoman.com,96871112421,False,False,True,True,False,False,False,True,False,27,2.0,31004.0,56,0,0.06182036407281456,0.28749522908965874,0.0,0.3846153846153846,-0.1718400800687452,0.6042005388124008,-1.2466096496045744,0.050299082382983674
2 BR Freehold Fully Furnished Flat in Muscat Hills For Sale,125000,2.0,2.0,Muscat Hills For Sale,,info@vistaoman.com,96872349997,False,False,False,False,True,True,False,True,False,22,4.0,31250.0,47,5,0.1248249649929986,0.2897790767643772,0.1111111111111111,0.2564102564102564,0.24715498801935326,0.6148648205454341,-0.5228239626787916,-0.6422805904288658
"1 BR Fully Furnished Penthouse Apartment Boulevard Tower, Muscat Hills",430,1.0,1.0,Unknown,Penthouse,info@vistaoman.com,96893891066,False,False,False,False,False,False,False,False,False,12,2.0,215.0,58,2,0.00023004600920184038,0.001652196338003954,0.0,0.0,-0.5814298423040914,-0.7305253566281122,-1.2466096496045744,-2.0274399360525646
600 SQM Showroom for Rent at Azaiba with Amenities Nearby,4800,2.6,2.8,Unknown,,info@vistaoman.com,96872349997,False,False,False,False,False,False,False,False,False,17,5.4,888.8888888888888,58,5,0.004600920184036807,0.00790853606120519,0.18888888888888888,0.1282051282051282,-0.5523625250646802,-0.7013117754579009,-0.01617398183074357,-1.3348602632407152
2 BR Fantastic Freehold Apartment in Golf Tower,80000,2.0,2.0,Golf Tower,Apartment,info@vistaoman.com,96893893443,False,False,True,False,True,True,False,True,False,20,4.0,20000.0,30,0,0.07981596319263853,0.18533482334737383,0.1111111111111111,0.20512820512820507,-0.0521652123864829,0.12716900958353963,-0.5228239626787916,-0.9193124595536055
2 BR Ground Floor Brand New Flat in Juman 2 with Garden,1250,2.0,2.0,Juman 2 with Garden,,info@vistaoman.com,96893891066,False,False,False,True,False,False,False,True,False,29,4.0,312.5,34,5,0.0010502100420084017,0.0025573798676179833,0.1111111111111111,0.4358974358974359,-0.5759755630966962,-0.7262986595997758,-0.5228239626787916,0.32733095150772346
"3 BR Leasehold Duplex Apartment Taqah Long beach, Salalah",125000,3.0,3.0,Unknown,Apartment,info@vistaoman.com,96871112421,False,False,False,False,True,True,False,True,False,30,6.0,20833.333333333332,58,0,0.1248249649929986,0.1930714347115963,0.2222222222222222,0.46153846153846145,0.24715498801935326,0.1632946252103466,0.20096172424699113,0.46584688607009334
2 BR Spacious Semi Furnished Flat with Mountain View | Muscat Hills,450,2.0,2.0,Unknown,,info@vistaoman.com,96893891066,False,False,True,True,False,True,False,True,False,31,4.0,112.5,58,5,0.0002500500100020004,0.0007005931402045903,0.1111111111111111,0.4871794871794871,-0.5812968111039111,-0.7349688073502094,-0.5228239626787916,0.6043628206324632
2 BR Fully Furnished Seaview Apartment | Ground Floor | Al Mouj,750,2.0,2.0,Unknown,Apartment,info@vistaoman.com,96893891066,False,False,True,True,False,False,False,True,False,28,4.0,187.5,58,0,0.0005501100220044009,0.0013968881629846126,0.1111111111111111,0.41025641025641024,-0.5793013431012055,-0.7317175019437968,-0.5228239626787916,0.18881501694535355
2 BR Off Plan Modern Apartment in Ghala,50284,2.0,2.0,Ghala,Apartment,info@vistaoman.com,96871514513,False,False,False,False,True,False,False,False,False,29,4.0,12571.0,26,0,0.050094018803760756,0.11636448035760337,0.1111111111111111,0.4358974358974359,-0.24982296961447906,-0.19488362860631941,-0.5228239626787916,0.32733095150772346
3 BR Excellent Penthouse Apartment in Sultan Haitham City with Private Pool,120250,3.0,3.0,Sultan Haitham City with Private Pool,Penthouse,info@vistaoman.com,96871112421,False,False,False,False,False,False,False,False,False,24,6.0,20041.666666666668,57,2,0.1200740148029606,0.18572165391558496,0.2222222222222222,0.3076923076923077,0.21556007797651502,0.12897529036488004,0.20096172424699113,-0.36524872130412595
4 BR + 1 Maid’s Room Great Villa in Azaiba Near Al Fair,650,4.0,4.0,Azaiba Near Al Fair,Villa,info@vistaoman.com,96891991280,False,False,False,False,True,False,True,False,False,22,8.0,81.25,10,4,0.0004500900180036008,0.0004104702140462477,0.3333333333333333,0.2564102564102564,-0.5799664991021073,-0.7363235179362148,0.9247474111727738,-0.6422805904288658
3 BR Great Apartment in Al Khuwair,300,3.0,3.0,Al Khuwair,Apartment,info@vistaoman.com,96891991280,False,False,False,False,False,True,False,False,False,25,6.0,50.0,3,0,0.00010002000400080016,0.00012034728788790506,0.2222222222222222,0.33333333333333326,-0.5822945451052638,-0.73767822852222,0.20096172424699113,-0.2267327867417561
5 BR Amazing Villa in Mawaleh for Sale,120000,5.0,5.0,Mawaleh for Sale,Villa,info@vistaoman.com,96871514513,False,False,False,False,False,False,False,False,False,23,10.0,12000.0,42,4,0.11982396479295859,0.11106335425083813,0.4444444444444445,0.28205128205128205,0.21389718797426036,-0.21963690043380757,1.6485330980985566,-0.5037646558664959
"2 BR Furnished Apartment in Ghubra with Water, Electricity & Wifi",500,2.0,2.0,Unknown,Apartment,info@vistaoman.com,96891991280,False,False,False,False,True,True,False,True,False,26,4.0,125.0,58,0,0.0003000600120024005,0.0008166423106679274,0.1111111111111111,0.3589743589743589,-0.5809642331034601,-0.7344269231158074,-0.5228239626787916,-0.0882168521793862
67 SQM Commercial Shop – Maysan Square Duqm,33500,2.6,2.8,Unknown,Shop,info@vistaoman.com,96871514513,False,False,True,False,False,False,False,False,False,24,5.4,6203.7037037037035,58,3,0.03330666133226646,0.05725092409524628,0.18888888888888888,0.3076923076923077,-0.36146275280584694,-0.4709106269047096,-0.01617398183074357,-0.36524872130412595
2 BR Cozy Apartment in Azaiba with Amenities Nearby,300,2.0,2.0,Azaiba with Amenities Nearby,Apartment,info@vistaoman.com,96891991280,False,False,False,False,False,True,False,False,False,25,4.0,75.0,12,0,0.00010002000400080016,0.0003524456288145792,0.1111111111111111,0.33333333333333326,-0.5822945451052638,-0.7365944600534158,-0.5228239626787916,-0.2267327867417561
"1 BR Luxury Apartment in The Great Escape, AIDA by DarGlobal",74500,1.0,1.0,Unknown,Apartment,info@vistaoman.com,96893893443,False,False,True,True,True,False,False,True,False,37,2.0,37250.0,58,0,0.07431486297259453,0.345482678586779,0.0,0.641025641025641,-0.08874879243608509,0.8749692530584445,-1.2466096496045744,1.4354584280066824
173 SQM Freehold Ground Floor Shop – Muscat Hills,311400,2.6,2.8,Unknown,Shop,info@vistaoman.com,96871514513,False,False,False,False,False,False,False,False,False,32,5.4,57666.666666666664,58,3,0.3112622524504901,0.5350296570102294,0.18888888888888888,0.5128205128205128,1.4870057737004168,1.760046835915216,-0.01617398183074357,0.742878755194833
1 BR Fully Furnished Apartment with Pool View – Muscat Hills,350,1.0,1.0,Unknown,Apartment,info@vistaoman.com,96893891066,False,False,True,True,True,False,False,True,False,28,2.0,175.0,58,0,0.00015003000600120024,0.0012808389925212755,0.0,0.41025641025641024,-0.581961967104813,-0.732259386178199,-1.2466096496045744,0.18881501694535355
3 BR Freehold Apartment with a spacious balcony in Sultan Haitham City,110640,3.0,3.0,Sultan Haitham City,Apartment,info@vistaoman.com,96871112421,False,False,True,True,False,False,False,True,False,31,6.0,18440.0,56,0,0.1104620924184837,0.17085188687354935,0.2222222222222222,0.4871794871794871,0.15163858628984644,0.05954185713015693,0.20096172424699113,0.6043628206324632
220 SQM Excellent Located Office Spaces in Ghala,1760,2.6,2.8,Ghala,Office,info@vistaoman.com,96872349997,False,False,False,False,False,False,False,False,False,40,5.4,325.9259259259259,26,1,0.0015603120624124824,0.0026820252729304562,0.18888888888888888,0.7179487179487178,-0.5725832674920968,-0.7257166357924549,-0.01617398183074357,1.851006231693792
1 BR Excellent Apartment In Al Khuwair,225,1.0,1.0,Unknown,Apartment,info@vistaoman.com,96891991280,False,False,False,False,False,False,False,False,False,18,2.0,112.5,58,0,2.500500100020004e-05,0.0007005931402045903,0.0,0.1538461538461538,-0.5827934121059403,-0.7349688073502094,-1.2466096496045744,-1.1963443286783453
1 BR Freehold Elegant Townhouse – Hawana Salalah,65000,1.0,1.0,Unknown,,info@vistaoman.com,96893893443,False,False,False,True,True,False,False,True,False,34,2.0,32500.0,58,5,0.06481296259251851,0.3013839938107109,0.0,0.5641025641025641,-0.1519386125217616,0.6690532439856447,-1.2466096496045744,1.0199106243195728
56 SQ M Smart Offices for Sale,36600,2.6,2.8,Unknown,Office,info@vistaoman.com,96872349997,False,False,False,False,False,False,False,False,False,21,5.4,6777.777777777777,58,1,0.03640728145629126,0.06258058970171065,0.18888888888888888,0.23076923076923073,-0.34084291677788936,-0.44602409169513146,-0.01617398183074357,-0.7807965249912356
3 + 1 BR Courtyard Townhouse in Yiti,238891,1.0,3.0,Yiti,,info@vistaoman.com,96893893443,False,False,False,False,True,False,True,False,False,39,4.0,59722.75,61,5,0.2387387477495499,0.5541181982291755,0.1111111111111111,0.6923076923076923,1.0047078090064885,1.8491795673512372,-0.5228239626787916,1.7124902971314222
2 BR + 1 Bedroom Brand New Apartment in Shatti Al Qurum,525,2.0,2.0,Shatti Al Qurum,Apartment,info@vistaoman.com,96871514513,False,False,False,False,True,True,False,False,True,27,4.0,131.25,54,0,0.00032506501300260055,0.0008746668958995959,0.1111111111111111,0.3846153846153846,-0.5807979441032347,-0.7341559809986064,-0.5228239626787916,0.050299082382983674
77 SQM Brand New Retail Shop at The Gate on November 18th Street,1232,2.6,2.8,Unknown,Shop,info@vistaoman.com,96872349997,False,False,False,False,False,False,False,False,False,17,5.4,228.14814814814812,58,3,0.0010322064412882576,0.0017742628728616863,0.18888888888888888,0.1282051282051282,-0.5760952911768585,-0.7299553746926669,-0.01617398183074357,-1.3348602632407152
2 BR Furnished Apartment in Bausher – with Pool/Gym,500,2.0,2.0,Unknown,Apartment,info@vistaoman.com,96891991280,False,False,True,True,True,False,False,True,False,30,4.0,125.0,58,0,0.0003000600120024005,0.0008166423106679274,0.1111111111111111,0.46153846153846145,-0.5809642331034601,-0.7344269231158074,-0.5228239626787916,0.46584688607009334
